scooter_id,model,purchase_date,purchase_price_eur,total_life_days,expected_total_rides
1,Model-1,2023-01-01,400.0,1800,9000
2,Model-1,2023-01-01,400.0,1800,9000
3,Model-1,2023-01-01,400.0,1800,9000
4,Model-1,2023-01-01,400.0,1800,9000
5,Model-1,2023-01-01,400.0,1800,9000
6,Model-1,2023-01-01,400.0,1800,9000
7,Model-1,2023-01-01,400.0,1800,9000
8,Model-1,2023-01-01,400.0,1800,9000
9,Model-1,2023-01-01,400.0,1800,9000
10,Model-1,2023-01-01,400.0,1800,9000
11,Model-1,2023-01-01,400.0,1800,9000
12,Model-1,2023-01-01,400.0,1800,9000
13,Model-1,2023-01-01,400.0,1800,9000
14,Model-1,2023-01-01,400.0,1800,9000
15,Model-1,2023-01-01,400.0,1800,9000
16,Model-1,2023-01-01,400.0,1800,9000
17,Model-1,2023-01-01,400.0,1800,9000
18,Model-1,2023-01-01,400.0,1800,9000
19,Model-1,2023-01-01,400.0,1800,9000
20,Model-1,2023-01-01,400.0,1800,9000
21,Model-1,2023-01-01,400.0,1800,9000
22,Model-1,2023-01-01,400.0,1800,9000
23,Model-1,2023-01-01,400.0,1800,9000
24,Model-1,2023-01-01,400.0,1800,9000
25,Model-1,2023-01-01,400.0,1800,9000
26,Model-1,2023-01-01,400.0,1800,9000
27,Model-1,2023-01-01,400.0,1800,9000
28,Model-1,2023-01-01,400.0,1800,9000
29,Model-1,2023-01-01,400.0,1800,9000
30,Model-1,2023-01-01,400.0,1800,9000
31,Model-1,2023-01-01,400.0,1800,9000
32,Model-1,2023-01-01,400.0,1800,9000
33,Model-1,2023-01-01,400.0,1800,9000
34,Model-1,2023-01-01,400.0,1800,9000
35,Model-1,2023-01-01,400.0,1800,9000
36,Model-1,2023-01-01,400.0,1800,9000
37,Model-1,2023-01-01,400.0,1800,9000
38,Model-1,2023-01-01,400.0,1800,9000
39,Model-1,2023-01-01,400.0,1800,9000
40,Model-1,2023-01-01,400.0,1800,9000
41,Model-1,2023-01-01,400.0,1800,9000
42,Model-1,2023-01-01,400.0,1800,9000
43,Model-1,2023-01-01,400.0,1800,9000
44,Model-1,2023-01-01,400.0,1800,9000
45,Model-1,2023-01-01,400.0,1800,9000
46,Model-1,2023-01-01,400.0,1800,9000
47,Model-1,2023-01-01,400.0,1800,9000
48,Model-1,2023-01-01,400.0,1800,9000
49,Model-1,2023-01-01,400.0,1800,9000
50,Model-1,2023-01-01,400.0,1800,9000
51,Model-1,2023-01-01,400.0,1800,9000
52,Model-1,2023-01-01,400.0,1800,9000
53,Model-1,2023-01-01,400.0,1800,9000
54,Model-1,2023-01-01,400.0,1800,9000
55,Model-1,2023-01-01,400.0,1800,9000
56,Model-1,2023-01-01,400.0,1800,9000
57,Model-1,2023-01-01,400.0,1800,9000
58,Model-1,2023-01-01,400.0,1800,9000
59,Model-1,2023-01-01,400.0,1800,9000
60,Model-1,2023-01-01,400.0,1800,9000
61,Model-1,2023-01-01,400.0,1800,9000
62,Model-1,2023-01-01,400.0,1800,9000
63,Model-1,2023-01-01,400.0,1800,9000
64,Model-1,2023-01-01,400.0,1800,9000
65,Model-1,2023-01-01,400.0,1800,9000
66,Model-1,2023-01-01,400.0,1800,9000
67,Model-1,2023-01-01,400.0,1800,9000
68,Model-1,2023-01-01,400.0,1800,9000
69,Model-1,2023-01-01,400.0,1800,9000
70,Model-1,2023-01-01,400.0,1800,9000
71,Model-1,2023-01-01,400.0,1800,9000
72,Model-1,2023-01-01,400.0,1800,9000
73,Model-1,2023-01-01,400.0,1800,9000
74,Model-1,2023-01-01,400.0,1800,9000
75,Model-1,2023-01-01,400.0,1800,9000
76,Model-1,2023-01-01,400.0,1800,9000
77,Model-1,2023-01-01,400.0,1800,9000
78,Model-1,2023-01-01,400.0,1800,9000
79,Model-1,2023-01-01,400.0,1800,9000
80,Model-1,2023-01-01,400.0,1800,9000
81,Model-1,2023-01-01,400.0,1800,9000
82,Model-1,2023-01-01,400.0,1800,9000
83,Model-1,2023-01-01,400.0,1800,9000
84,Model-1,2023-01-01,400.0,1800,9000
85,Model-1,2023-01-01,400.0,1800,9000
86,Model-1,2023-01-01,400.0,1800,9000
87,Model-1,2023-01-01,400.0,1800,9000
88,Model-1,2023-01-01,400.0,1800,9000
89,Model-1,2023-01-01,400.0,1800,9000
90,Model-1,2023-01-01,400.0,1800,9000
91,Model-1,2023-01-01,400.0,1800,9000
92,Model-1,2023-01-01,400.0,1800,9000
93,Model-1,2023-01-01,400.0,1800,9000
94,Model-1,2023-01-01,400.0,1800,9000
95,Model-1,2023-01-01,400.0,1800,9000
96,Model-1,2023-01-01,400.0,1800,9000
97,Model-1,2023-01-01,400.0,1800,9000
98,Model-1,2023-01-01,400.0,1800,9000
99,Model-1,2023-01-01,400.0,1800,9000
100,Model-1,2023-01-01,400.0,1800,9000
101,Model-1,2023-01-01,400.0,1800,9000
102,Model-1,2023-01-01,400.0,1800,9000
103,Model-1,2023-01-01,400.0,1800,9000
104,Model-1,2023-01-01,400.0,1800,9000
105,Model-1,2023-01-01,400.0,1800,9000
106,Model-1,2023-01-01,400.0,1800,9000
107,Model-1,2023-01-01,400.0,1800,9000
108,Model-1,2023-01-01,400.0,1800,9000
109,Model-1,2023-01-01,400.0,1800,9000
110,Model-1,2023-01-01,400.0,1800,9000
111,Model-1,2023-01-01,400.0,1800,9000
112,Model-1,2023-01-01,400.0,1800,9000
113,Model-1,2023-01-01,400.0,1800,9000
114,Model-1,2023-01-01,400.0,1800,9000
115,Model-1,2023-01-01,400.0,1800,9000
116,Model-1,2023-01-01,400.0,1800,9000
117,Model-1,2023-01-01,400.0,1800,9000
118,Model-1,2023-01-01,400.0,1800,9000
119,Model-1,2023-01-01,400.0,1800,9000
120,Model-1,2023-01-01,400.0,1800,9000
121,Model-1,2023-01-01,400.0,1800,9000
122,Model-1,2023-01-01,400.0,1800,9000
123,Model-1,2023-01-01,400.0,1800,9000
124,Model-1,2023-01-01,400.0,1800,9000
125,Model-1,2023-01-01,400.0,1800,9000
126,Model-1,2023-01-01,400.0,1800,9000
127,Model-1,2023-01-01,400.0,1800,9000
128,Model-1,2023-01-01,400.0,1800,9000
129,Model-1,2023-01-01,400.0,1800,9000
130,Model-1,2023-01-01,400.0,1800,9000
131,Model-1,2023-01-01,400.0,1800,9000
132,Model-1,2023-01-01,400.0,1800,9000
133,Model-1,2023-01-01,400.0,1800,9000
134,Model-1,2023-01-01,400.0,1800,9000
135,Model-1,2023-01-01,400.0,1800,9000
136,Model-1,2023-01-01,400.0,1800,9000
137,Model-1,2023-01-01,400.0,1800,9000
138,Model-1,2023-01-01,400.0,1800,9000
139,Model-1,2023-01-01,400.0,1800,9000
140,Model-1,2023-01-01,400.0,1800,9000
141,Model-1,2023-01-01,400.0,1800,9000
142,Model-1,2023-01-01,400.0,1800,9000
143,Model-1,2023-01-01,400.0,1800,9000
144,Model-1,2023-01-01,400.0,1800,9000
145,Model-1,2023-01-01,400.0,1800,9000
146,Model-1,2023-01-01,400.0,1800,9000
147,Model-1,2023-01-01,400.0,1800,9000
148,Model-1,2023-01-01,400.0,1800,9000
149,Model-1,2023-01-01,400.0,1800,9000
150,Model-1,2023-01-01,400.0,1800,9000
151,Model-1,2023-01-01,400.0,1800,9000
152,Model-1,2023-01-01,400.0,1800,9000
153,Model-1,2023-01-01,400.0,1800,9000
154,Model-1,2023-01-01,400.0,1800,9000
155,Model-1,2023-01-01,400.0,1800,9000
156,Model-1,2023-01-01,400.0,1800,9000
157,Model-1,2023-01-01,400.0,1800,9000
158,Model-1,2023-01-01,400.0,1800,9000
159,Model-1,2023-01-01,400.0,1800,9000
160,Model-1,2023-01-01,400.0,1800,9000
161,Model-1,2023-01-01,400.0,1800,9000
162,Model-1,2023-01-01,400.0,1800,9000
163,Model-1,2023-01-01,400.0,1800,9000
164,Model-1,2023-01-01,400.0,1800,9000
165,Model-1,2023-01-01,400.0,1800,9000
166,Model-1,2023-01-01,400.0,1800,9000
167,Model-1,2023-01-01,400.0,1800,9000
168,Model-1,2023-01-01,400.0,1800,9000
169,Model-1,2023-01-01,400.0,1800,9000
170,Model-1,2023-01-01,400.0,1800,9000
171,Model-1,2023-01-01,400.0,1800,9000
172,Model-1,2023-01-01,400.0,1800,9000
173,Model-1,2023-01-01,400.0,1800,9000
174,Model-1,2023-01-01,400.0,1800,9000
175,Model-1,2023-01-01,400.0,1800,9000
176,Model-1,2023-01-01,400.0,1800,9000
177,Model-1,2023-01-01,400.0,1800,9000
178,Model-1,2023-01-01,400.0,1800,9000
179,Model-1,2023-01-01,400.0,1800,9000
180,Model-1,2023-01-01,400.0,1800,9000
181,Model-1,2023-01-01,400.0,1800,9000
182,Model-1,2023-01-01,400.0,1800,9000
183,Model-1,2023-01-01,400.0,1800,9000
184,Model-1,2023-01-01,400.0,1800,9000
185,Model-1,2023-01-01,400.0,1800,9000
186,Model-1,2023-01-01,400.0,1800,9000
187,Model-1,2023-01-01,400.0,1800,9000
188,Model-1,2023-01-01,400.0,1800,9000
189,Model-1,2023-01-01,400.0,1800,9000
190,Model-1,2023-01-01,400.0,1800,9000
191,Model-1,2023-01-01,400.0,1800,9000
192,Model-1,2023-01-01,400.0,1800,9000
193,Model-1,2023-01-01,400.0,1800,9000
194,Model-1,2023-01-01,400.0,1800,9000
195,Model-1,2023-01-01,400.0,1800,9000
196,Model-1,2023-01-01,400.0,1800,9000
197,Model-1,2023-01-01,400.0,1800,9000
198,Model-1,2023-01-01,400.0,1800,9000
199,Model-1,2023-01-01,400.0,1800,9000
200,Model-1,2023-01-01,400.0,1800,9000
201,Model-1,2023-01-01,400.0,1800,9000
202,Model-1,2023-01-01,400.0,1800,9000
203,Model-1,2023-01-01,400.0,1800,9000
204,Model-1,2023-01-01,400.0,1800,9000
205,Model-1,2023-01-01,400.0,1800,9000
206,Model-1,2023-01-01,400.0,1800,9000
207,Model-1,2023-01-01,400.0,1800,9000
208,Model-1,2023-01-01,400.0,1800,9000
209,Model-1,2023-01-01,400.0,1800,9000
210,Model-1,2023-01-01,400.0,1800,9000
211,Model-1,2023-01-01,400.0,1800,9000
212,Model-1,2023-01-01,400.0,1800,9000
213,Model-1,2023-01-01,400.0,1800,9000
214,Model-1,2023-01-01,400.0,1800,9000
215,Model-1,2023-01-01,400.0,1800,9000
216,Model-1,2023-01-01,400.0,1800,9000
217,Model-1,2023-01-01,400.0,1800,9000
218,Model-1,2023-01-01,400.0,1800,9000
219,Model-1,2023-01-01,400.0,1800,9000
220,Model-1,2023-01-01,400.0,1800,9000
221,Model-1,2023-01-01,400.0,1800,9000
222,Model-1,2023-01-01,400.0,1800,9000
223,Model-1,2023-01-01,400.0,1800,9000
224,Model-1,2023-01-01,400.0,1800,9000
225,Model-1,2023-01-01,400.0,1800,9000
226,Model-1,2023-01-01,400.0,1800,9000
227,Model-1,2023-01-01,400.0,1800,9000
228,Model-1,2023-01-01,400.0,1800,9000
229,Model-1,2023-01-01,400.0,1800,9000
230,Model-1,2023-01-01,400.0,1800,9000
231,Model-1,2023-01-01,400.0,1800,9000
232,Model-1,2023-01-01,400.0,1800,9000
233,Model-1,2023-01-01,400.0,1800,9000
234,Model-1,2023-01-01,400.0,1800,9000
235,Model-1,2023-01-01,400.0,1800,9000
236,Model-1,2023-01-01,400.0,1800,9000
237,Model-1,2023-01-01,400.0,1800,9000
238,Model-1,2023-01-01,400.0,1800,9000
239,Model-1,2023-01-01,400.0,1800,9000
240,Model-1,2023-01-01,400.0,1800,9000
241,Model-1,2023-01-01,400.0,1800,9000
242,Model-1,2023-01-01,400.0,1800,9000
243,Model-1,2023-01-01,400.0,1800,9000
244,Model-1,2023-01-01,400.0,1800,9000
245,Model-1,2023-01-01,400.0,1800,9000
246,Model-1,2023-01-01,400.0,1800,9000
247,Model-1,2023-01-01,400.0,1800,9000
248,Model-1,2023-01-01,400.0,1800,9000
249,Model-1,2023-01-01,400.0,1800,9000
250,Model-1,2023-01-01,400.0,1800,9000
251,Model-1,2023-01-01,400.0,1800,9000
252,Model-1,2023-01-01,400.0,1800,9000
253,Model-1,2023-01-01,400.0,1800,9000
254,Model-1,2023-01-01,400.0,1800,9000
255,Model-1,2023-01-01,400.0,1800,9000
256,Model-1,2023-01-01,400.0,1800,9000
257,Model-1,2023-01-01,400.0,1800,9000
258,Model-1,2023-01-01,400.0,1800,9000
259,Model-1,2023-01-01,400.0,1800,9000
260,Model-1,2023-01-01,400.0,1800,9000
261,Model-1,2023-01-01,400.0,1800,9000
262,Model-1,2023-01-01,400.0,1800,9000
263,Model-1,2023-01-01,400.0,1800,9000
264,Model-1,2023-01-01,400.0,1800,9000
265,Model-1,2023-01-01,400.0,1800,9000
266,Model-1,2023-01-01,400.0,1800,9000
267,Model-1,2023-01-01,400.0,1800,9000
268,Model-1,2023-01-01,400.0,1800,9000
269,Model-1,2023-01-01,400.0,1800,9000
270,Model-1,2023-01-01,400.0,1800,9000
271,Model-1,2023-01-01,400.0,1800,9000
272,Model-1,2023-01-01,400.0,1800,9000
273,Model-1,2023-01-01,400.0,1800,9000
274,Model-1,2023-01-01,400.0,1800,9000
275,Model-1,2023-01-01,400.0,1800,9000
276,Model-1,2023-01-01,400.0,1800,9000
277,Model-1,2023-01-01,400.0,1800,9000
278,Model-1,2023-01-01,400.0,1800,9000
279,Model-1,2023-01-01,400.0,1800,9000
280,Model-1,2023-01-01,400.0,1800,9000
281,Model-1,2023-01-01,400.0,1800,9000
282,Model-1,2023-01-01,400.0,1800,9000
283,Model-1,2023-01-01,400.0,1800,9000
284,Model-1,2023-01-01,400.0,1800,9000
285,Model-1,2023-01-01,400.0,1800,9000
286,Model-1,2023-01-01,400.0,1800,9000
287,Model-1,2023-01-01,400.0,1800,9000
288,Model-1,2023-01-01,400.0,1800,9000
289,Model-1,2023-01-01,400.0,1800,9000
290,Model-1,2023-01-01,400.0,1800,9000
291,Model-1,2023-01-01,400.0,1800,9000
292,Model-1,2023-01-01,400.0,1800,9000
293,Model-1,2023-01-01,400.0,1800,9000
294,Model-1,2023-01-01,400.0,1800,9000
295,Model-1,2023-01-01,400.0,1800,9000
296,Model-1,2023-01-01,400.0,1800,9000
297,Model-1,2023-01-01,400.0,1800,9000
298,Model-1,2023-01-01,400.0,1800,9000
299,Model-1,2023-01-01,400.0,1800,9000
300,Model-1,2023-01-01,400.0,1800,9000
301,Model-2,2023-06-01,520.0,2000,10000
302,Model-2,2023-06-01,520.0,2000,10000
303,Model-2,2023-06-01,520.0,2000,10000
304,Model-2,2023-06-01,520.0,2000,10000
305,Model-2,2023-06-01,520.0,2000,10000
306,Model-2,2023-06-01,520.0,2000,10000
307,Model-2,2023-06-01,520.0,2000,10000
308,Model-2,2023-06-01,520.0,2000,10000
309,Model-2,2023-06-01,520.0,2000,10000
310,Model-2,2023-06-01,520.0,2000,10000
311,Model-2,2023-06-01,520.0,2000,10000
312,Model-2,2023-06-01,520.0,2000,10000
313,Model-2,2023-06-01,520.0,2000,10000
314,Model-2,2023-06-01,520.0,2000,10000
315,Model-2,2023-06-01,520.0,2000,10000
316,Model-2,2023-06-01,520.0,2000,10000
317,Model-2,2023-06-01,520.0,2000,10000
318,Model-2,2023-06-01,520.0,2000,10000
319,Model-2,2023-06-01,520.0,2000,10000
320,Model-2,2023-06-01,520.0,2000,10000
321,Model-2,2023-06-01,520.0,2000,10000
322,Model-2,2023-06-01,520.0,2000,10000
323,Model-2,2023-06-01,520.0,2000,10000
324,Model-2,2023-06-01,520.0,2000,10000
325,Model-2,2023-06-01,520.0,2000,10000
326,Model-2,2023-06-01,520.0,2000,10000
327,Model-2,2023-06-01,520.0,2000,10000
328,Model-2,2023-06-01,520.0,2000,10000
329,Model-2,2023-06-01,520.0,2000,10000
330,Model-2,2023-06-01,520.0,2000,10000
331,Model-2,2023-06-01,520.0,2000,10000
332,Model-2,2023-06-01,520.0,2000,10000
333,Model-2,2023-06-01,520.0,2000,10000
334,Model-2,2023-06-01,520.0,2000,10000
335,Model-2,2023-06-01,520.0,2000,10000
336,Model-2,2023-06-01,520.0,2000,10000
337,Model-2,2023-06-01,520.0,2000,10000
338,Model-2,2023-06-01,520.0,2000,10000
339,Model-2,2023-06-01,520.0,2000,10000
340,Model-2,2023-06-01,520.0,2000,10000
341,Model-2,2023-06-01,520.0,2000,10000
342,Model-2,2023-06-01,520.0,2000,10000
343,Model-2,2023-06-01,520.0,2000,10000
344,Model-2,2023-06-01,520.0,2000,10000
345,Model-2,2023-06-01,520.0,2000,10000
346,Model-2,2023-06-01,520.0,2000,10000
347,Model-2,2023-06-01,520.0,2000,10000
348,Model-2,2023-06-01,520.0,2000,10000
349,Model-2,2023-06-01,520.0,2000,10000
350,Model-2,2023-06-01,520.0,2000,10000
351,Model-2,2023-06-01,520.0,2000,10000
352,Model-2,2023-06-01,520.0,2000,10000
353,Model-2,2023-06-01,520.0,2000,10000
354,Model-2,2023-06-01,520.0,2000,10000
355,Model-2,2023-06-01,520.0,2000,10000
356,Model-2,2023-06-01,520.0,2000,10000
357,Model-2,2023-06-01,520.0,2000,10000
358,Model-2,2023-06-01,520.0,2000,10000
359,Model-2,2023-06-01,520.0,2000,10000
360,Model-2,2023-06-01,520.0,2000,10000
361,Model-2,2023-06-01,520.0,2000,10000
362,Model-2,2023-06-01,520.0,2000,10000
363,Model-2,2023-06-01,520.0,2000,10000
364,Model-2,2023-06-01,520.0,2000,10000
365,Model-2,2023-06-01,520.0,2000,10000
366,Model-2,2023-06-01,520.0,2000,10000
367,Model-2,2023-06-01,520.0,2000,10000
368,Model-2,2023-06-01,520.0,2000,10000
369,Model-2,2023-06-01,520.0,2000,10000
370,Model-2,2023-06-01,520.0,2000,10000
371,Model-2,2023-06-01,520.0,2000,10000
372,Model-2,2023-06-01,520.0,2000,10000
373,Model-2,2023-06-01,520.0,2000,10000
374,Model-2,2023-06-01,520.0,2000,10000
375,Model-2,2023-06-01,520.0,2000,10000
376,Model-2,2023-06-01,520.0,2000,10000
377,Model-2,2023-06-01,520.0,2000,10000
378,Model-2,2023-06-01,520.0,2000,10000
379,Model-2,2023-06-01,520.0,2000,10000
380,Model-2,2023-06-01,520.0,2000,10000
381,Model-2,2023-06-01,520.0,2000,10000
382,Model-2,2023-06-01,520.0,2000,10000
383,Model-2,2023-06-01,520.0,2000,10000
384,Model-2,2023-06-01,520.0,2000,10000
385,Model-2,2023-06-01,520.0,2000,10000
386,Model-2,2023-06-01,520.0,2000,10000
387,Model-2,2023-06-01,520.0,2000,10000
388,Model-2,2023-06-01,520.0,2000,10000
389,Model-2,2023-06-01,520.0,2000,10000
390,Model-2,2023-06-01,520.0,2000,10000
391,Model-2,2023-06-01,520.0,2000,10000
392,Model-2,2023-06-01,520.0,2000,10000
393,Model-2,2023-06-01,520.0,2000,10000
394,Model-2,2023-06-01,520.0,2000,10000
395,Model-2,2023-06-01,520.0,2000,10000
396,Model-2,2023-06-01,520.0,2000,10000
397,Model-2,2023-06-01,520.0,2000,10000
398,Model-2,2023-06-01,520.0,2000,10000
399,Model-2,2023-06-01,520.0,2000,10000
400,Model-2,2023-06-01,520.0,2000,10000
401,Model-2,2023-06-01,520.0,2000,10000
402,Model-2,2023-06-01,520.0,2000,10000
403,Model-2,2023-06-01,520.0,2000,10000
404,Model-2,2023-06-01,520.0,2000,10000
405,Model-2,2023-06-01,520.0,2000,10000
406,Model-2,2023-06-01,520.0,2000,10000
407,Model-2,2023-06-01,520.0,2000,10000
408,Model-2,2023-06-01,520.0,2000,10000
409,Model-2,2023-06-01,520.0,2000,10000
410,Model-2,2023-06-01,520.0,2000,10000
411,Model-2,2023-06-01,520.0,2000,10000
412,Model-2,2023-06-01,520.0,2000,10000
413,Model-2,2023-06-01,520.0,2000,10000
414,Model-2,2023-06-01,520.0,2000,10000
415,Model-2,2023-06-01,520.0,2000,10000
416,Model-2,2023-06-01,520.0,2000,10000
417,Model-2,2023-06-01,520.0,2000,10000
418,Model-2,2023-06-01,520.0,2000,10000
419,Model-2,2023-06-01,520.0,2000,10000
420,Model-2,2023-06-01,520.0,2000,10000
421,Model-2,2023-06-01,520.0,2000,10000
422,Model-2,2023-06-01,520.0,2000,10000
423,Model-2,2023-06-01,520.0,2000,10000
424,Model-2,2023-06-01,520.0,2000,10000
425,Model-2,2023-06-01,520.0,2000,10000
426,Model-2,2023-06-01,520.0,2000,10000
427,Model-2,2023-06-01,520.0,2000,10000
428,Model-2,2023-06-01,520.0,2000,10000
429,Model-2,2023-06-01,520.0,2000,10000
430,Model-2,2023-06-01,520.0,2000,10000
431,Model-2,2023-06-01,520.0,2000,10000
432,Model-2,2023-06-01,520.0,2000,10000
433,Model-2,2023-06-01,520.0,2000,10000
434,Model-2,2023-06-01,520.0,2000,10000
435,Model-2,2023-06-01,520.0,2000,10000
436,Model-2,2023-06-01,520.0,2000,10000
437,Model-2,2023-06-01,520.0,2000,10000
438,Model-2,2023-06-01,520.0,2000,10000
439,Model-2,2023-06-01,520.0,2000,10000
440,Model-2,2023-06-01,520.0,2000,10000
441,Model-2,2023-06-01,520.0,2000,10000
442,Model-2,2023-06-01,520.0,2000,10000
443,Model-2,2023-06-01,520.0,2000,10000
444,Model-2,2023-06-01,520.0,2000,10000
445,Model-2,2023-06-01,520.0,2000,10000
446,Model-2,2023-06-01,520.0,2000,10000
447,Model-2,2023-06-01,520.0,2000,10000
448,Model-2,2023-06-01,520.0,2000,10000
449,Model-2,2023-06-01,520.0,2000,10000
450,Model-2,2023-06-01,520.0,2000,10000
451,Model-2,2023-06-01,520.0,2000,10000
452,Model-2,2023-06-01,520.0,2000,10000
453,Model-2,2023-06-01,520.0,2000,10000
454,Model-2,2023-06-01,520.0,2000,10000
455,Model-2,2023-06-01,520.0,2000,10000
456,Model-2,2023-06-01,520.0,2000,10000
457,Model-2,2023-06-01,520.0,2000,10000
458,Model-2,2023-06-01,520.0,2000,10000
459,Model-2,2023-06-01,520.0,2000,10000
460,Model-2,2023-06-01,520.0,2000,10000
461,Model-2,2023-06-01,520.0,2000,10000
462,Model-2,2023-06-01,520.0,2000,10000
463,Model-2,2023-06-01,520.0,2000,10000
464,Model-2,2023-06-01,520.0,2000,10000
465,Model-2,2023-06-01,520.0,2000,10000
466,Model-2,2023-06-01,520.0,2000,10000
467,Model-2,2023-06-01,520.0,2000,10000
468,Model-2,2023-06-01,520.0,2000,10000
469,Model-2,2023-06-01,520.0,2000,10000
470,Model-2,2023-06-01,520.0,2000,10000
471,Model-2,2023-06-01,520.0,2000,10000
472,Model-2,2023-06-01,520.0,2000,10000
473,Model-2,2023-06-01,520.0,2000,10000
474,Model-2,2023-06-01,520.0,2000,10000
475,Model-2,2023-06-01,520.0,2000,10000
476,Model-2,2023-06-01,520.0,2000,10000
477,Model-2,2023-06-01,520.0,2000,10000
478,Model-2,2023-06-01,520.0,2000,10000
479,Model-2,2023-06-01,520.0,2000,10000
480,Model-2,2023-06-01,520.0,2000,10000
481,Model-2,2023-06-01,520.0,2000,10000
482,Model-2,2023-06-01,520.0,2000,10000
483,Model-2,2023-06-01,520.0,2000,10000
484,Model-2,2023-06-01,520.0,2000,10000
485,Model-2,2023-06-01,520.0,2000,10000
486,Model-2,2023-06-01,520.0,2000,10000
487,Model-2,2023-06-01,520.0,2000,10000
488,Model-2,2023-06-01,520.0,2000,10000
489,Model-2,2023-06-01,520.0,2000,10000
490,Model-2,2023-06-01,520.0,2000,10000
491,Model-2,2023-06-01,520.0,2000,10000
492,Model-2,2023-06-01,520.0,2000,10000
493,Model-2,2023-06-01,520.0,2000,10000
494,Model-2,2023-06-01,520.0,2000,10000
495,Model-2,2023-06-01,520.0,2000,10000
496,Model-2,2023-06-01,520.0,2000,10000
497,Model-2,2023-06-01,520.0,2000,10000
498,Model-2,2023-06-01,520.0,2000,10000
499,Model-2,2023-06-01,520.0,2000,10000
500,Model-2,2023-06-01,520.0,2000,10000
501,Model-2,2023-06-01,520.0,2000,10000
502,Model-2,2023-06-01,520.0,2000,10000
503,Model-2,2023-06-01,520.0,2000,10000
504,Model-2,2023-06-01,520.0,2000,10000
505,Model-2,2023-06-01,520.0,2000,10000
506,Model-2,2023-06-01,520.0,2000,10000
507,Model-2,2023-06-01,520.0,2000,10000
508,Model-2,2023-06-01,520.0,2000,10000
509,Model-2,2023-06-01,520.0,2000,10000
510,Model-2,2023-06-01,520.0,2000,10000
511,Model-2,2023-06-01,520.0,2000,10000
512,Model-2,2023-06-01,520.0,2000,10000
513,Model-2,2023-06-01,520.0,2000,10000
514,Model-2,2023-06-01,520.0,2000,10000
515,Model-2,2023-06-01,520.0,2000,10000
516,Model-2,2023-06-01,520.0,2000,10000
517,Model-2,2023-06-01,520.0,2000,10000
518,Model-2,2023-06-01,520.0,2000,10000
519,Model-2,2023-06-01,520.0,2000,10000
520,Model-2,2023-06-01,520.0,2000,10000
521,Model-2,2023-06-01,520.0,2000,10000
522,Model-2,2023-06-01,520.0,2000,10000
523,Model-2,2023-06-01,520.0,2000,10000
524,Model-2,2023-06-01,520.0,2000,10000
525,Model-2,2023-06-01,520.0,2000,10000
526,Model-2,2023-06-01,520.0,2000,10000
527,Model-2,2023-06-01,520.0,2000,10000
528,Model-2,2023-06-01,520.0,2000,10000
529,Model-2,2023-06-01,520.0,2000,10000
530,Model-2,2023-06-01,520.0,2000,10000
531,Model-2,2023-06-01,520.0,2000,10000
532,Model-2,2023-06-01,520.0,2000,10000
533,Model-2,2023-06-01,520.0,2000,10000
534,Model-2,2023-06-01,520.0,2000,10000
535,Model-2,2023-06-01,520.0,2000,10000
536,Model-2,2023-06-01,520.0,2000,10000
537,Model-2,2023-06-01,520.0,2000,10000
538,Model-2,2023-06-01,520.0,2000,10000
539,Model-2,2023-06-01,520.0,2000,10000
540,Model-2,2023-06-01,520.0,2000,10000
541,Model-2,2023-06-01,520.0,2000,10000
542,Model-2,2023-06-01,520.0,2000,10000
543,Model-2,2023-06-01,520.0,2000,10000
544,Model-2,2023-06-01,520.0,2000,10000
545,Model-2,2023-06-01,520.0,2000,10000
546,Model-2,2023-06-01,520.0,2000,10000
547,Model-2,2023-06-01,520.0,2000,10000
548,Model-2,2023-06-01,520.0,2000,10000
549,Model-2,2023-06-01,520.0,2000,10000
550,Model-2,2023-06-01,520.0,2000,10000
551,Model-2,2023-06-01,520.0,2000,10000
552,Model-2,2023-06-01,520.0,2000,10000
553,Model-2,2023-06-01,520.0,2000,10000
554,Model-2,2023-06-01,520.0,2000,10000
555,Model-2,2023-06-01,520.0,2000,10000
556,Model-2,2023-06-01,520.0,2000,10000
557,Model-2,2023-06-01,520.0,2000,10000
558,Model-2,2023-06-01,520.0,2000,10000
559,Model-2,2023-06-01,520.0,2000,10000
560,Model-2,2023-06-01,520.0,2000,10000
561,Model-2,2023-06-01,520.0,2000,10000
562,Model-2,2023-06-01,520.0,2000,10000
563,Model-2,2023-06-01,520.0,2000,10000
564,Model-2,2023-06-01,520.0,2000,10000
565,Model-2,2023-06-01,520.0,2000,10000
566,Model-2,2023-06-01,520.0,2000,10000
567,Model-2,2023-06-01,520.0,2000,10000
568,Model-2,2023-06-01,520.0,2000,10000
569,Model-2,2023-06-01,520.0,2000,10000
570,Model-2,2023-06-01,520.0,2000,10000
571,Model-2,2023-06-01,520.0,2000,10000
572,Model-2,2023-06-01,520.0,2000,10000
573,Model-2,2023-06-01,520.0,2000,10000
574,Model-2,2023-06-01,520.0,2000,10000
575,Model-2,2023-06-01,520.0,2000,10000
576,Model-2,2023-06-01,520.0,2000,10000
577,Model-2,2023-06-01,520.0,2000,10000
578,Model-2,2023-06-01,520.0,2000,10000
579,Model-2,2023-06-01,520.0,2000,10000
580,Model-2,2023-06-01,520.0,2000,10000
581,Model-2,2023-06-01,520.0,2000,10000
582,Model-2,2023-06-01,520.0,2000,10000
583,Model-2,2023-06-01,520.0,2000,10000
584,Model-2,2023-06-01,520.0,2000,10000
585,Model-2,2023-06-01,520.0,2000,10000
586,Model-2,2023-06-01,520.0,2000,10000
587,Model-2,2023-06-01,520.0,2000,10000
588,Model-2,2023-06-01,520.0,2000,10000
589,Model-2,2023-06-01,520.0,2000,10000
590,Model-2,2023-06-01,520.0,2000,10000
591,Model-2,2023-06-01,520.0,2000,10000
592,Model-2,2023-06-01,520.0,2000,10000
593,Model-2,2023-06-01,520.0,2000,10000
594,Model-2,2023-06-01,520.0,2000,10000
595,Model-2,2023-06-01,520.0,2000,10000
596,Model-2,2023-06-01,520.0,2000,10000
597,Model-2,2023-06-01,520.0,2000,10000
598,Model-2,2023-06-01,520.0,2000,10000
599,Model-2,2023-06-01,520.0,2000,10000
600,Model-2,2023-06-01,520.0,2000,10000
601,Model-3,2024-01-15,460.0,1700,8500
602,Model-3,2024-01-15,460.0,1700,8500
603,Model-3,2024-01-15,460.0,1700,8500
604,Model-3,2024-01-15,460.0,1700,8500
605,Model-3,2024-01-15,460.0,1700,8500
606,Model-3,2024-01-15,460.0,1700,8500
607,Model-3,2024-01-15,460.0,1700,8500
608,Model-3,2024-01-15,460.0,1700,8500
609,Model-3,2024-01-15,460.0,1700,8500
610,Model-3,2024-01-15,460.0,1700,8500
611,Model-3,2024-01-15,460.0,1700,8500
612,Model-3,2024-01-15,460.0,1700,8500
613,Model-3,2024-01-15,460.0,1700,8500
614,Model-3,2024-01-15,460.0,1700,8500
615,Model-3,2024-01-15,460.0,1700,8500
616,Model-3,2024-01-15,460.0,1700,8500
617,Model-3,2024-01-15,460.0,1700,8500
618,Model-3,2024-01-15,460.0,1700,8500
619,Model-3,2024-01-15,460.0,1700,8500
620,Model-3,2024-01-15,460.0,1700,8500
621,Model-3,2024-01-15,460.0,1700,8500
622,Model-3,2024-01-15,460.0,1700,8500
623,Model-3,2024-01-15,460.0,1700,8500
624,Model-3,2024-01-15,460.0,1700,8500
625,Model-3,2024-01-15,460.0,1700,8500
626,Model-3,2024-01-15,460.0,1700,8500
627,Model-3,2024-01-15,460.0,1700,8500
628,Model-3,2024-01-15,460.0,1700,8500
629,Model-3,2024-01-15,460.0,1700,8500
630,Model-3,2024-01-15,460.0,1700,8500
631,Model-3,2024-01-15,460.0,1700,8500
632,Model-3,2024-01-15,460.0,1700,8500
633,Model-3,2024-01-15,460.0,1700,8500
634,Model-3,2024-01-15,460.0,1700,8500
635,Model-3,2024-01-15,460.0,1700,8500
636,Model-3,2024-01-15,460.0,1700,8500
637,Model-3,2024-01-15,460.0,1700,8500
638,Model-3,2024-01-15,460.0,1700,8500
639,Model-3,2024-01-15,460.0,1700,8500
640,Model-3,2024-01-15,460.0,1700,8500
641,Model-3,2024-01-15,460.0,1700,8500
642,Model-3,2024-01-15,460.0,1700,8500
643,Model-3,2024-01-15,460.0,1700,8500
644,Model-3,2024-01-15,460.0,1700,8500
645,Model-3,2024-01-15,460.0,1700,8500
646,Model-3,2024-01-15,460.0,1700,8500
647,Model-3,2024-01-15,460.0,1700,8500
648,Model-3,2024-01-15,460.0,1700,8500
649,Model-3,2024-01-15,460.0,1700,8500
650,Model-3,2024-01-15,460.0,1700,8500
651,Model-3,2024-01-15,460.0,1700,8500
652,Model-3,2024-01-15,460.0,1700,8500
653,Model-3,2024-01-15,460.0,1700,8500
654,Model-3,2024-01-15,460.0,1700,8500
655,Model-3,2024-01-15,460.0,1700,8500
656,Model-3,2024-01-15,460.0,1700,8500
657,Model-3,2024-01-15,460.0,1700,8500
658,Model-3,2024-01-15,460.0,1700,8500
659,Model-3,2024-01-15,460.0,1700,8500
660,Model-3,2024-01-15,460.0,1700,8500
661,Model-3,2024-01-15,460.0,1700,8500
662,Model-3,2024-01-15,460.0,1700,8500
663,Model-3,2024-01-15,460.0,1700,8500
664,Model-3,2024-01-15,460.0,1700,8500
665,Model-3,2024-01-15,460.0,1700,8500
666,Model-3,2024-01-15,460.0,1700,8500
667,Model-3,2024-01-15,460.0,1700,8500
668,Model-3,2024-01-15,460.0,1700,8500
669,Model-3,2024-01-15,460.0,1700,8500
670,Model-3,2024-01-15,460.0,1700,8500
671,Model-3,2024-01-15,460.0,1700,8500
672,Model-3,2024-01-15,460.0,1700,8500
673,Model-3,2024-01-15,460.0,1700,8500
674,Model-3,2024-01-15,460.0,1700,8500
675,Model-3,2024-01-15,460.0,1700,8500
676,Model-3,2024-01-15,460.0,1700,8500
677,Model-3,2024-01-15,460.0,1700,8500
678,Model-3,2024-01-15,460.0,1700,8500
679,Model-3,2024-01-15,460.0,1700,8500
680,Model-3,2024-01-15,460.0,1700,8500
681,Model-3,2024-01-15,460.0,1700,8500
682,Model-3,2024-01-15,460.0,1700,8500
683,Model-3,2024-01-15,460.0,1700,8500
684,Model-3,2024-01-15,460.0,1700,8500
685,Model-3,2024-01-15,460.0,1700,8500
686,Model-3,2024-01-15,460.0,1700,8500
687,Model-3,2024-01-15,460.0,1700,8500
688,Model-3,2024-01-15,460.0,1700,8500
689,Model-3,2024-01-15,460.0,1700,8500
690,Model-3,2024-01-15,460.0,1700,8500
691,Model-3,2024-01-15,460.0,1700,8500
692,Model-3,2024-01-15,460.0,1700,8500
693,Model-3,2024-01-15,460.0,1700,8500
694,Model-3,2024-01-15,460.0,1700,8500
695,Model-3,2024-01-15,460.0,1700,8500
696,Model-3,2024-01-15,460.0,1700,8500
697,Model-3,2024-01-15,460.0,1700,8500
698,Model-3,2024-01-15,460.0,1700,8500
699,Model-3,2024-01-15,460.0,1700,8500
700,Model-3,2024-01-15,460.0,1700,8500
701,Model-3,2024-01-15,460.0,1700,8500
702,Model-3,2024-01-15,460.0,1700,8500
703,Model-3,2024-01-15,460.0,1700,8500
704,Model-3,2024-01-15,460.0,1700,8500
705,Model-3,2024-01-15,460.0,1700,8500
706,Model-3,2024-01-15,460.0,1700,8500
707,Model-3,2024-01-15,460.0,1700,8500
708,Model-3,2024-01-15,460.0,1700,8500
709,Model-3,2024-01-15,460.0,1700,8500
710,Model-3,2024-01-15,460.0,1700,8500
711,Model-3,2024-01-15,460.0,1700,8500
712,Model-3,2024-01-15,460.0,1700,8500
713,Model-3,2024-01-15,460.0,1700,8500
714,Model-3,2024-01-15,460.0,1700,8500
715,Model-3,2024-01-15,460.0,1700,8500
716,Model-3,2024-01-15,460.0,1700,8500
717,Model-3,2024-01-15,460.0,1700,8500
718,Model-3,2024-01-15,460.0,1700,8500
719,Model-3,2024-01-15,460.0,1700,8500
720,Model-3,2024-01-15,460.0,1700,8500
721,Model-3,2024-01-15,460.0,1700,8500
722,Model-3,2024-01-15,460.0,1700,8500
723,Model-3,2024-01-15,460.0,1700,8500
724,Model-3,2024-01-15,460.0,1700,8500
725,Model-3,2024-01-15,460.0,1700,8500
726,Model-3,2024-01-15,460.0,1700,8500
727,Model-3,2024-01-15,460.0,1700,8500
728,Model-3,2024-01-15,460.0,1700,8500
729,Model-3,2024-01-15,460.0,1700,8500
730,Model-3,2024-01-15,460.0,1700,8500
731,Model-3,2024-01-15,460.0,1700,8500
732,Model-3,2024-01-15,460.0,1700,8500
733,Model-3,2024-01-15,460.0,1700,8500
734,Model-3,2024-01-15,460.0,1700,8500
735,Model-3,2024-01-15,460.0,1700,8500
736,Model-3,2024-01-15,460.0,1700,8500
737,Model-3,2024-01-15,460.0,1700,8500
738,Model-3,2024-01-15,460.0,1700,8500
739,Model-3,2024-01-15,460.0,1700,8500
740,Model-3,2024-01-15,460.0,1700,8500
741,Model-3,2024-01-15,460.0,1700,8500
742,Model-3,2024-01-15,460.0,1700,8500
743,Model-3,2024-01-15,460.0,1700,8500
744,Model-3,2024-01-15,460.0,1700,8500
745,Model-3,2024-01-15,460.0,1700,8500
746,Model-3,2024-01-15,460.0,1700,8500
747,Model-3,2024-01-15,460.0,1700,8500
748,Model-3,2024-01-15,460.0,1700,8500
749,Model-3,2024-01-15,460.0,1700,8500
750,Model-3,2024-01-15,460.0,1700,8500
751,Model-3,2024-01-15,460.0,1700,8500
752,Model-3,2024-01-15,460.0,1700,8500
753,Model-3,2024-01-15,460.0,1700,8500
754,Model-3,2024-01-15,460.0,1700,8500
755,Model-3,2024-01-15,460.0,1700,8500
756,Model-3,2024-01-15,460.0,1700,8500
757,Model-3,2024-01-15,460.0,1700,8500
758,Model-3,2024-01-15,460.0,1700,8500
759,Model-3,2024-01-15,460.0,1700,8500
760,Model-3,2024-01-15,460.0,1700,8500
761,Model-3,2024-01-15,460.0,1700,8500
762,Model-3,2024-01-15,460.0,1700,8500
763,Model-3,2024-01-15,460.0,1700,8500
764,Model-3,2024-01-15,460.0,1700,8500
765,Model-3,2024-01-15,460.0,1700,8500
766,Model-3,2024-01-15,460.0,1700,8500
767,Model-3,2024-01-15,460.0,1700,8500
768,Model-3,2024-01-15,460.0,1700,8500
769,Model-3,2024-01-15,460.0,1700,8500
770,Model-3,2024-01-15,460.0,1700,8500
771,Model-3,2024-01-15,460.0,1700,8500
772,Model-3,2024-01-15,460.0,1700,8500
773,Model-3,2024-01-15,460.0,1700,8500
774,Model-3,2024-01-15,460.0,1700,8500
775,Model-3,2024-01-15,460.0,1700,8500
776,Model-3,2024-01-15,460.0,1700,8500
777,Model-3,2024-01-15,460.0,1700,8500
778,Model-3,2024-01-15,460.0,1700,8500
779,Model-3,2024-01-15,460.0,1700,8500
780,Model-3,2024-01-15,460.0,1700,8500
781,Model-3,2024-01-15,460.0,1700,8500
782,Model-3,2024-01-15,460.0,1700,8500
783,Model-3,2024-01-15,460.0,1700,8500
784,Model-3,2024-01-15,460.0,1700,8500
785,Model-3,2024-01-15,460.0,1700,8500
786,Model-3,2024-01-15,460.0,1700,8500
787,Model-3,2024-01-15,460.0,1700,8500
788,Model-3,2024-01-15,460.0,1700,8500
789,Model-3,2024-01-15,460.0,1700,8500
790,Model-3,2024-01-15,460.0,1700,8500
791,Model-3,2024-01-15,460.0,1700,8500
792,Model-3,2024-01-15,460.0,1700,8500
793,Model-3,2024-01-15,460.0,1700,8500
794,Model-3,2024-01-15,460.0,1700,8500
795,Model-3,2024-01-15,460.0,1700,8500
796,Model-3,2024-01-15,460.0,1700,8500
797,Model-3,2024-01-15,460.0,1700,8500
798,Model-3,2024-01-15,460.0,1700,8500
799,Model-3,2024-01-15,460.0,1700,8500
800,Model-3,2024-01-15,460.0,1700,8500
801,Model-3,2024-01-15,460.0,1700,8500
802,Model-3,2024-01-15,460.0,1700,8500
803,Model-3,2024-01-15,460.0,1700,8500
804,Model-3,2024-01-15,460.0,1700,8500
805,Model-3,2024-01-15,460.0,1700,8500
806,Model-3,2024-01-15,460.0,1700,8500
807,Model-3,2024-01-15,460.0,1700,8500
808,Model-3,2024-01-15,460.0,1700,8500
809,Model-3,2024-01-15,460.0,1700,8500
810,Model-3,2024-01-15,460.0,1700,8500
811,Model-3,2024-01-15,460.0,1700,8500
812,Model-3,2024-01-15,460.0,1700,8500
813,Model-3,2024-01-15,460.0,1700,8500
814,Model-3,2024-01-15,460.0,1700,8500
815,Model-3,2024-01-15,460.0,1700,8500
816,Model-3,2024-01-15,460.0,1700,8500
817,Model-3,2024-01-15,460.0,1700,8500
818,Model-3,2024-01-15,460.0,1700,8500
819,Model-3,2024-01-15,460.0,1700,8500
820,Model-3,2024-01-15,460.0,1700,8500
821,Model-3,2024-01-15,460.0,1700,8500
822,Model-3,2024-01-15,460.0,1700,8500
823,Model-3,2024-01-15,460.0,1700,8500
824,Model-3,2024-01-15,460.0,1700,8500
825,Model-3,2024-01-15,460.0,1700,8500
826,Model-3,2024-01-15,460.0,1700,8500
827,Model-3,2024-01-15,460.0,1700,8500
828,Model-3,2024-01-15,460.0,1700,8500
829,Model-3,2024-01-15,460.0,1700,8500
830,Model-3,2024-01-15,460.0,1700,8500
831,Model-3,2024-01-15,460.0,1700,8500
832,Model-3,2024-01-15,460.0,1700,8500
833,Model-3,2024-01-15,460.0,1700,8500
834,Model-3,2024-01-15,460.0,1700,8500
835,Model-3,2024-01-15,460.0,1700,8500
836,Model-3,2024-01-15,460.0,1700,8500
837,Model-3,2024-01-15,460.0,1700,8500
838,Model-3,2024-01-15,460.0,1700,8500
839,Model-3,2024-01-15,460.0,1700,8500
840,Model-3,2024-01-15,460.0,1700,8500
841,Model-3,2024-01-15,460.0,1700,8500
842,Model-3,2024-01-15,460.0,1700,8500
843,Model-3,2024-01-15,460.0,1700,8500
844,Model-3,2024-01-15,460.0,1700,8500
845,Model-3,2024-01-15,460.0,1700,8500
846,Model-3,2024-01-15,460.0,1700,8500
847,Model-3,2024-01-15,460.0,1700,8500
848,Model-3,2024-01-15,460.0,1700,8500
849,Model-3,2024-01-15,460.0,1700,8500
850,Model-3,2024-01-15,460.0,1700,8500
851,Model-3,2024-01-15,460.0,1700,8500
852,Model-3,2024-01-15,460.0,1700,8500
853,Model-3,2024-01-15,460.0,1700,8500
854,Model-3,2024-01-15,460.0,1700,8500
855,Model-3,2024-01-15,460.0,1700,8500
856,Model-3,2024-01-15,460.0,1700,8500
857,Model-3,2024-01-15,460.0,1700,8500
858,Model-3,2024-01-15,460.0,1700,8500
859,Model-3,2024-01-15,460.0,1700,8500
860,Model-3,2024-01-15,460.0,1700,8500
861,Model-3,2024-01-15,460.0,1700,8500
862,Model-3,2024-01-15,460.0,1700,8500
863,Model-3,2024-01-15,460.0,1700,8500
864,Model-3,2024-01-15,460.0,1700,8500
865,Model-3,2024-01-15,460.0,1700,8500
866,Model-3,2024-01-15,460.0,1700,8500
867,Model-3,2024-01-15,460.0,1700,8500
868,Model-3,2024-01-15,460.0,1700,8500
869,Model-3,2024-01-15,460.0,1700,8500
870,Model-3,2024-01-15,460.0,1700,8500
871,Model-3,2024-01-15,460.0,1700,8500
872,Model-3,2024-01-15,460.0,1700,8500
873,Model-3,2024-01-15,460.0,1700,8500
874,Model-3,2024-01-15,460.0,1700,8500
875,Model-3,2024-01-15,460.0,1700,8500
876,Model-3,2024-01-15,460.0,1700,8500
877,Model-3,2024-01-15,460.0,1700,8500
878,Model-3,2024-01-15,460.0,1700,8500
879,Model-3,2024-01-15,460.0,1700,8500
880,Model-3,2024-01-15,460.0,1700,8500
881,Model-3,2024-01-15,460.0,1700,8500
882,Model-3,2024-01-15,460.0,1700,8500
883,Model-3,2024-01-15,460.0,1700,8500
884,Model-3,2024-01-15,460.0,1700,8500
885,Model-3,2024-01-15,460.0,1700,8500
886,Model-3,2024-01-15,460.0,1700,8500
887,Model-3,2024-01-15,460.0,1700,8500
888,Model-3,2024-01-15,460.0,1700,8500
889,Model-3,2024-01-15,460.0,1700,8500
890,Model-3,2024-01-15,460.0,1700,8500
891,Model-3,2024-01-15,460.0,1700,8500
892,Model-3,2024-01-15,460.0,1700,8500
893,Model-3,2024-01-15,460.0,1700,8500
894,Model-3,2024-01-15,460.0,1700,8500
895,Model-3,2024-01-15,460.0,1700,8500
896,Model-3,2024-01-15,460.0,1700,8500
897,Model-3,2024-01-15,460.0,1700,8500
898,Model-3,2024-01-15,460.0,1700,8500
899,Model-3,2024-01-15,460.0,1700,8500
900,Model-3,2024-01-15,460.0,1700,8500
